{
  "run_name": "run_1776483323",
  "episodes": 60000,
  "goals": 27828,
  "best_avg_goal_rate": 0.882,
  "epsilon": 0.04995000000003683,
  "learning_rate": 1.0628820000000002e-05
}